item_name	semantic_audio
vocal_jc10.wav_10.wav_0000000000_0000205440.wav	524 586 412 305 261 265 261 261 265 261 261 261 261 261 306 261 261 261 265 92 334 574 967 1012 28 360 540 162 540 505 72 72 170 54 41 720 720 560 966 863 87 369 755 863 923 758 720 1015 894 755 586 64 805 894 755 586 847 467 943 61 846 266 266 266 846 846 329 627 627 418 656 612 1001 1001 215 411 876 508 428 632 770 458 251 481 712 500 992 333 93 74 261 134 10 794 980 143 218 161 514 762 306 778 737 720 704 758 420 797 642 294 412 261 366 244 469 449 1000 537 974 476 558 55 198 960 654 629 775 360 883 962 378 876 114 534 1016 498 121 994 368 93 472 544 467 179 915 830 886 685 594 934 838 727 565 75 431 349 478 243 274 540
vocal_jc10.wav_10.wav_0000438080_0000576640.wav	520 234 5 490 258 5 5 69 765 929 204 47 442 552 355 866 547 83 674 991 224 336 772 751 685 645 531 452 155 396 970 751 191 432 13 364 452 803 374 341 530 755 439 136 714 150 100 984 19 851 194 596 181 717 741 754 451 8 3 764 897 897 569 463 581 360 170 53 53 105 280 280 280 280 53 505 221 86 160 150 198 12 831 1012 802 349 700 85 835 843 973 973 20 774 235 235 823 766 649 725 189 189 189 189 215 609 530 41
vocal_jc10.wav_10.wav_0000744960_0000995200.wav	913 647 953 312 556 628 231 876 961 848 405 917 628 677 1020 692 449 795 391 150 425 77 64 255 235 106 997 533 337 1019 433 274 899 278 463 623 140 1015 47 379 795 136 111 359 882 726 364 960 307 915 703 986 466 136 685 514 548 599 1022 385 485 150 475 144 923 876 463 57 508 420 21 995 274 967 320 320 722 382 953 490 260 149 72 234 53 486 486 486 486 721 75 190 644 483 281 562 289 9 83 97 893 893 960 64 148 590 710 913 644 416 322 79 956 363 761 345 409 636 336 975 436 111 141 806 144 373 961 654 628 198 466 573 964 734 318 224 181 85 472 22 479 502 285 882 831 852 852 651 295 514 632 717 60 717 938 192 569 534 81 813 26 900 180 439 39 195 775 235 559 120 1004 420 764 453 994 274 295 906 95 923 155 420 205 21 324 324 314 656 360 208 647 3 991 490 721
vocal_jc10.wav_10.wav_0001293120_0001434240.wav	520 105 280 536 496 175 582 463 562 562 953 441 215 889 591 1008 914 442 1002 495 446 217 4 645 352 838 90 834 555 706 255 177 731 322 908 456 490 378 144 314 248 829 459 351 711 472 670 885 598 725 284 922 219 77 334 804 242 190 570 492 258 29 98 609 324 307 39 891 305 164 918 896 388 873 766 807 703 357 644 503 933 362 1017 161 956 266 494 708 88 456 566 235 665 1011 13 37 840 940 795 599 1023 777 948 933 172 627 909 673 28 540
vocal_jc10.wav_10.wav_0001663040_0001797760.wav	214 403 564 904 205 166 556 468 216 441 883 144 508 758 704 581 44 409 11 155 758 1001 540 524 721 162 758 193 324 582 479 487 726 749 817 711 938 210 187 187 674 305 746 714 596 1002 930 953 774 463 5 360 937 900 584 74 696 111 643 36 12 262 798 91 965 67 204 635 136 802 251 351 445 607 136 773 187 904 363 479 724 781 461 770 697 526 476 452 782 132 187 731 380 787 18 322 488 116 961 534 87 379 324 420 721
vocal_jc10.wav_10.wav_0001983360_0002027520.wav	520 271 105 280 280 280 280 280 53 215 642 360 328 85 554 576 514 4 4 917 573 973 521 86 503 263 242 190 162 505 72 72 72 536
vocal_jc10.wav_10.wav_0002407040_0002527040.wav	774 944 338 263 953 687 239 937 457 111 460 813 476 558 116 75 274 924 400 799 420 156 409 584 747 754 565 679 239 96 139 586 25 154 975 661 758 951 635 329 587 396 600 767 466 649 1022 726 274 547 92 780 720 982 547 659 7 103 17 260 609 609 258 602 205 92 949 885 430 836 701 758 731 229 896 795 70 127 243 981 981 552 181 844 65 609 162 234 536 280 486 486 486
vocal_jc10.wav_10.wav_0002702080_0002876800.wav	23 630 584 219 219 452 347 443 573 795 734 471 470 137 438 495 102 180 667 667 667 36 291 365 539 748 32 29 149 368 603 143 522 946 138 794 897 511 148 129 471 538 161 124 59 1019 519 843 546 768 872 992 84 799 151 995 537 867 407 533 255 181 610 442 411 686 84 563 617 880 39 462 508 366 243 321 309 79 817 879 792 891 746 804 17 540 885 290 357 96 29 530 263 70 324 324 155 872 814 576 88 180 494 737 723 551 40 782 717 468 813 625 569 636 546 717 456 17 509 40 906 511 171 494 472 628 413 98 530 350 3 242 721 382 8 721
vocal_jc10.wav_10.wav_0003056640_0003227200.wav	23 254 462 265 265 265 265 305 334 526 692 929 173 955 412 284 909 150 332 998 772 181 368 695 867 12 759 852 889 4 1003 759 217 827 102 620 264 757 314 324 935 148 255 368 459 265 758 740 66 710 679 430 551 306 683 479 434 22 467 78 143 265 152 291 317 781 432 674 472 927 314 758 681 379 373 961 781 717 938 164 623 27 367 351 305 813 428 620 160 538 975 1016 674 674 938 526 436 99 134 421 40 60 973 813 973 525 685 514 548 573 573 971 497 474 294 306 229 274 763 907 352 456 360 67 144 400 876 17 837 216 360 140 540
vocal_jc10.wav_10.wav_0003411840_0003567360.wav	54 492 721 638 804 360 574 13 479 88 584 662 645 124 484 483 867 125 918 763 225 510 724 943 860 173 1002 349 94 433 588 761 121 65 490 806 429 314 311 517 390 351 311 227 357 431 555 508 155 720 69 924 522 964 805 1001 1001 420 248 200 415 819 514 187 886 110 670 724 1016 152 949 994 494 337 629 140 716 95 981 21 459 781 231 14 277 537 981 935 92 255 858 43 629 513 349 842 358 879 324 723 511 941 741 511 239 763 364 825 799 140 496 144 508 804 530 540 967 492 505 492 41
vocal_jc10.wav_10.wav_0003704960_0003896640.wav	913 834 765 9 701 740 385 402 533 177 132 96 537 765 555 741 92 876 797 242 405 98 54 234 234 53 280 486 486 486 486 486 486 486 486 486 486 486 486 486 486 486 486 486 486 721 17 171 5 944 953 257 937 405 624 83 308 740 174 455 955 544 398 251 584 584 74 880 412 708 768 396 46 266 651 1020 688 703 685 176 219 193 754 341 898 233 755 777 227 1002 880 472 164 628 412 92 804 431 168 803 563 551 334 1002 205 512 551 172 957 912 76 641 552 385 86 305 306 441 645 563 71 116 255 142 295 1011 337 246 438 685 391 811 632 297 714 67 349 400 746 451 290 540 290 540 31 16 8 693 149
vocal_jc10.wav_10.wav_0004060800_0004204800.wav	1012 760 863 433 368 330 143 663 764 929 806 958 458 889 579 376 848 213 406 671 36 667 708 840 564 727 88 954 307 379 314 1005 190 723 842 324 231 179 688 66 922 708 63 685 745 650 905 838 22 171 933 813 758 411 420 981 869 981 434 461 29 1012 178 521 673 900 472 160 764 537 21 154 745 956 825 64 194 702 1006 215 467 633 799 959 777 400 797 775 441 98 714 809 809 809 162 505 505 1005 86 305 155 474 274 804 647 417 177 177 899 463 463 214
vocal_jc10.wav_10.wav_0004368960_0004512640.wav	774 142 320 594 586 975 388 882 232 558 136 235 406 86 706 179 600 364 266 466 781 781 781 333 526 17 382 382 5 8 29 714 620 794 741 171 867 803 298 364 658 317 387 143 840 396 378 97 938 318 802 690 781 961 305 521 148 518 511 676 690 299 683 814 13 479 1011 822 246 4 80 973 7 909 720 596 13 788 883 91 150 406 305 264 537 782 216 771 139 906 717 429 981 726 405 467 1020 173 317 606 305 746 242 714 775 965 8 1005 263 804 609 540
vocal_jc10.wav_10.wav_0004664320_0004811840.wav	54 149 540 631 531 1001 242 447 765 144 876 961 409 626 97 309 276 97 349 314 842 64 26 822 194 296 312 494 538 84 481 623 749 794 95 306 409 62 940 60 195 560 1016 637 239 771 762 308 20 938 456 991 451 623 69 519 714 853 349 302 777 768 255 773 163 886 703 674 472 573 768 318 570 96 235 163 494 922 606 307 400 334 612 566 340 86 571 1017 161 467 983 422 337 1022 164 726 885 80 586 324 757 981 737 560 451 574 540 360 540 714 1005 804 492 149 41
vocal_jc10.wav_10.wav_0005055360_0005297600.wav	214 643 352 467 767 434 151 460 143 546 769 546 77 787 148 938 210 22 161 1017 333 7 632 642 148 452 448 295 181 94 683 566 766 153 295 628 560 547 741 75 235 617 519 840 411 773 441 714 339 81 738 364 396 228 36 139 467 396 96 199 654 110 194 239 705 467 566 28 405 965 5 944 916 722 273 273 936 162 140 916 212 488 783 643 444 652 600 124 213 522 607 422 107 154 825 466 466 494 755 880 741 7 231 314 508 324 306 148 842 334 731 6 180 121 729 703 437 119 914 649 76 920 452 857 295 970 525 904 144 616 876 404 771 771 771 671 393 518 265 628 239 513 21 320 367 284 674 305 537 291 904 813 805 642 151 376 552 786 255 773 106 636 628 173 231 957 120 210 485 467 763 197 657 799 656 581 365 221 324 324 314 17 991 327 273 463 463 496 17
vocal_jc10.wav_10.wav_0005425920_0005578560.wav	913 140 368 175 32 272 338 98 295 495 225 36 436 650 648 48 434 528 584 198 45 45 674 40 613 682 806 1019 625 479 658 979 366 655 551 551 206 913 544 254 939 590 686 748 393 1019 385 1019 813 7 609 574 729 711 573 751 157 518 999 934 997 788 418 737 255 570 982 374 795 701 521 422 7 255 570 140 540 263 496 8 8 208 162 214 28 67 803 185 556 558 558 57 27 27 481 960 962 746 76 448 1022 189 189 369 369 265 314 242 360 824 824 490 327 32 98 530 17 53 536
vocal_jc10.wav_10.wav_0005729600_0005967040.wav	872 235 976 369 189 189 838 629 181 1016 65 328 349 410 571 617 777 813 255 720 704 937 574 722 848 693 454 390 949 358 514 203 7 757 305 777 957 909 770 308 863 681 737 642 232 231 647 99 463 324 193 876 775 405 641 521 179 479 276 266 573 808 160 844 609 360 360 609 602 570 505 72 53 53 53 53 53 486 486 486 486 486 486 486 280 280 41 162 360 360 63 304 327 273 463 463 365 490 771 771 391 546 289 637 910 644 438 666 300 300 416 528 179 645 522 584 494 107 856 584 700 177 177 547 40 179 235 502 637 583 934 305 897 160 242 262 692 692 519 153 485 316 795 164 255 519 337 837 509 523 120 7 545 117 794 254 334 540 663 261 305 253 745 650 671 471 814 416 452 459 185 703 308 349 662 452 314 114 177 463 382 311 338 162 41
vocal_jc10.wav_10.wav_0006145280_0006282880.wav	520 280 486 486 486 486 486 486 280 98 609 775 620 92 696 810 93 955 467 502 882 494 494 880 880 1019 433 570 530 953 721 824 405 943 943 154 206 840 651 412 1022 86 793 837 943 636 837 448 708 439 659 97 74 39 306 433 242 3 804 609 824 937 70 305 22 357 45 143 892 951 830 385 904 4 745 513 751 316 442 765 794 806 795 30 469 659 87 780 70 938 588 567 295 25 557 317 342 459 349 412 962 74 840 804 242 368 540
vocal_jc10.wav_10.wav_0006470720_0006701760.wav	214 4 594 88 819 479 907 700 935 704 328 929 334 127 181 308 284 284 674 7 456 215 540 3 953 156 324 432 242 57 835 659 231 933 412 373 547 700 299 963 685 497 741 1017 235 37 164 909 479 479 823 173 679 824 802 476 531 159 235 1009 64 179 161 956 308 316 632 501 86 253 1015 723 760 477 764 842 915 420 27 28 98 463 272 752 687 899 953 774 824 640 834 691 783 860 798 217 36 626 143 922 1016 412 813 471 287 844 899 329 74 77 314 90 1015 481 74 284 946 277 235 621 472 957 373 190 86 412 462 305 231 913 763 729 547 422 179 467 367 281 637 938 7 333 747 571 679 442 777 456 405 355 594 239 999 518 175 4 1003 166 377 157 827 539 933 741 17 368 853 558 201 999 297 751 172 734 14 242 5 5 609 540
vocal_jc10.wav_10.wav_0006930560_0007121920.wav	913 600 724 648 613 713 388 971 559 907 1022 940 305 932 808 451 262 143 803 143 960 324 314 451 623 350 304 539 910 75 967 937 930 354 354 62 522 289 497 1002 145 502 846 299 1022 154 479 969 231 205 480 792 586 302 472 7 231 155 775 142 707 1015 264 616 642 76 212 239 33 806 962 551 551 344 685 650 650 904 60 683 479 139 794 1019 382 703 770 31 190 578 275 264 373 764 674 132 220 960 932 334 539 974 547 573 857 467 657 337 741 215 981 231 683 943 956 825 362 700 307 869 433 594 790 552 760 337 842 136 810 175 120 726 13 295 588 337 863 681 560 242 714 714 540 8 8 162 162 140 540
vocal_jc10.wav_10.wav_0007480000_0007680320.wav	913 501 412 1019 500 651 782 805 535 349 427 385 134 467 364 1017 290 274 235 196 668 367 652 179 96 745 175 877 827 17 501 92 99 463 254 324 923 314 420 274 814 360 967 490 0 231 560 14 193 324 940 909 362 215 609 764 324 108 402 55 938 599 456 239 714 214 949 813 400 314 758 524 134 960 427 712 831 736 1012 703 700 842 0 1000 433 32 214 872 582 32 65 5 463 463 318 318 773 801 662 306 334 991 771 116 245 869 904 827 809 17 658 352 300 753 488 910 45 369 1000 808 443 458 143 39 629 306 227 111 871 869 369 180 988 692 421 1013 745 907 494 309 796 289 573 309 630 558 628 813 192 318 142 545 722 382 5 1005
vocal_jc10.wav_10.wav_0007849280_0008043840.wav	721 936 953 278 270 278 177 920 752 417 916 360 327 555 960 143 439 712 24 97 452 74 219 948 797 421 381 265 758 530 621 378 421 161 907 261 254 563 662 422 150 222 997 431 121 354 354 922 856 662 1001 213 821 452 191 488 337 848 871 891 571 277 662 929 116 242 947 354 121 65 102 212 91 431 87 944 177 829 472 781 164 21 960 305 114 242 80 949 904 153 1001 5 99 463 254 891 923 890 758 704 564 349 433 368 1016 761 200 163 378 254 687 86 472 741 586 803 936 539 559 711 351 880 781 153 566 376 731 770 467 566 173 189 189 827 13 73 533 538 880 472 880 64 433 98 496 687 562 562 311 490 693
vocal_jc10.wav_10.wav_0008185600_0008376320.wav	54 754 65 721 679 162 146 263 17 149 492 70 305 324 677 13 783 488 153 82 886 262 224 336 302 805 242 834 765 836 691 566 467 649 299 670 670 90 637 129 637 582 405 566 573 354 827 199 385 194 360 959 240 27 341 155 1015 229 420 663 2 168 232 623 21 863 95 420 797 17 134 237 916 278 278 327 944 3 142 474 835 97 74 765 584 136 2 300 24 36 565 58 607 593 947 36 533 810 636 143 984 0 307 64 560 261 965 224 834 459 297 835 932 101 212 835 670 671 639 59 651 954 606 768 190 703 472 923 840 704 96 479 782 20 625 368 653 1022 116 101 334 574 967 991 953 530 693 486
vocal_jc10.wav_10.wav_0008624640_0008780800.wav	721 411 822 794 572 907 330 929 481 481 47 799 451 17 460 765 835 569 366 793 14 431 36 419 539 933 629 368 46 595 229 239 164 101 783 161 291 583 994 1017 606 629 17 574 171 143 765 708 599 365 76 762 687 382 360 721 17 3 576 324 891 1021 746 656 170 41 382 953 953 365 360 574 23 378 143 71 193 842 805 940 526 541 588 119 732 480 863 379 616 526 632 86 890 705 161 502 637 637 667 929 39 229 239 467 180 889 593 17 524 762 933 472 880 880 91 314 242 991 916 463 991
vocal_jc10.wav_10.wav_0008907200_0009047040.wav	54 492 540 420 87 91 305 92 92 92 231 774 357 290 320 166 267 289 289 971 448 200 65 17 360 967 804 3 576 324 324 324 787 714 967 858 558 77 616 107 467 976 61 189 670 462 74 64 612 106 960 984 344 161 364 658 461 96 46 955 783 1020 20 60 239 108 314 714 146 84 659 351 103 37 385 786 501 887 938 299 615 506 938 669 354 782 862 583 694 7 629 837 904 191 120 617 20 717 787 629 436 471 637 961 583 423 413 318 540
vocal_jc10.wav_10.wav_0009177600_0009337600.wav	809 740 584 929 47 987 533 884 648 649 132 246 201 377 772 428 490 836 794 799 645 554 75 430 74 754 775 212 143 573 946 129 1016 781 456 758 215 28 13 391 385 934 706 195 413 7 827 827 967 540 807 351 468 419 457 150 377 40 1006 557 129 670 848 59 448 813 813 918 215 432 703 295 648 506 402 193 324 231 951 758 686 455 36 593 644 225 217 344 885 376 822 380 571 725 933 838 541 80 302 634 235 284 201 410 994 32 793 239 360 693 46 690 157 541 318 545 492 360 1012 593 463 5 98 234
vocal_jc10.wav_10.wav_0009531520_0009680320.wav	520 53 53 642 203 278 278 944 953 5 5 140 578 48 391 884 335 121 159 182 770 150 798 957 767 880 910 131 584 667 770 690 654 373 910 117 724 467 652 308 803 337 171 590 781 795 701 670 179 116 726 235 391 95 508 314 780 521 88 717 999 957 485 913 763 766 283 648 599 242 883 765 922 946 402 385 741 642 944 181 7 620 179 594 551 551 661 823 481 307 616 373 116 932 904 583 468 129 60 368 476 880 439 1022 840 185 13 524 693 170 234 280 486 280 53 536
vocal_jc10.wav_10.wav_0009843200_0009969920.wav	913 360 505 151 50 626 83 556 591 410 144 787 433 609 958 933 439 808 500 213 759 217 674 545 106 960 628 952 964 973 827 810 603 836 840 27 61 201 811 934 521 891 324 314 797 492 98 451 540 170 170 23 966 307 961 935 192 726 650 648 932 418 1002 594 266 47 47 891 314 764 178 235 197 692 674 227 570 502 904 242 405 886 489 670 96 566 479 825 342 284 573 795 746 242 524 170 234 53
vocal_jc10.wav_10.wav_0010156480_0010327680.wav	913 400 794 765 962 962 962 794 982 69 624 308 561 717 373 501 427 957 770 51 583 341 763 603 217 724 600 288 649 96 763 949 419 419 154 295 594 975 648 322 922 880 349 765 349 700 700 700 700 1013 101 623 623 365 221 324 891 324 324 400 156 378 393 1023 489 52 467 901 1011 274 295 614 233 893 893 480 830 941 1015 215 111 312 700 727 263 98 764 51 468 1019 547 349 412 265 439 933 391 364 901 194 151 177 412 595 912 1023 144 808 912 940 777 981 254 577 596 360 502 558 1006 673 714 163 813 413 360 824 54 492 234 53 53 248 242
vocal_jc10.wav_10.wav_0010456640_0010613440.wav	913 539 366 5 824 773 703 438 499 922 905 294 763 517 378 934 526 213 584 97 452 1022 754 27 991 365 8 98 721 149 170 76 121 139 75 311 322 806 933 422 612 98 235 992 690 667 319 265 1015 783 154 116 90 586 385 103 714 368 452 765 261 983 895 702 43 628 934 385 428 385 973 632 142 967 214 75 54 693 242 508 379 923 508 560 940 935 19 701 612 920 730 456 810 605 932 863 433 594 537 306 683 364 943 956 725 877 679 485 770 889 507 714 687 933 472 628 981 451 29 824 170 540
vocal_jc10.wav_10.wav_0010904960_0011056320.wav	722 457 530 98 41 98 98 540 29 937 876 305 153 763 662 246 783 61 625 98 46 908 908 121 36 994 262 772 765 654 840 150 658 879 467 724 808 714 509 904 316 573 329 74 599 357 687 933 321 923 314 254 780 961 404 141 116 283 412 69 799 311 86 324 1000 2 834 452 727 253 262 658 846 154 1011 840 967 756 12 391 467 807 794 777 309 754 333 813 457 763 205 1011 657 617 570 405 59 904 253 705 124 738 306 827 311 653 777 936 775 574 17 360 5 721 65 490 65 41
vocal_jc10.wav_10.wav_0011194560_0011327040.wav	54 98 775 193 324 890 92 647 219 606 965 73 319 840 8 114 40 971 964 725 649 928 705 161 600 161 907 266 466 466 466 466 880 1019 526 148 419 153 171 547 472 641 17 46 361 922 60 837 810 166 80 507 574 540 824 149 492 872 16 953 428 981 324 400 508 69 1013 216 396 378 94 8 653 708 342 179 161 479 823 825 422 511 497 999 518 153 140 937 463 412 412 628 777 305 876 707 609 365 953 3 242 171 872
vocal_jc10.wav_10.wav_0011470400_0011671040.wav	872 643 24 182 436 141 1007 793 374 493 361 391 579 312 108 933 393 843 40 981 560 324 324 918 70 632 545 102 452 1021 27 636 782 583 64 774 161 124 943 907 674 190 821 305 738 96 562 402 12 1022 92 334 320 467 566 566 239 596 824 149 208 991 3 876 193 508 420 657 235 235 396 1020 198 629 32 933 94 958 95 321 780 895 961 415 390 734 965 714 967 149 360 492 162 405 190 508 508 594 161 763 956 606 629 576 472 164 777 948 155 702 87 385 997 594 814 835 667 20 419 153 423 632 428 803 71 681 379 69 193 940 173 679 668 476 351 445 836 960 229 764 144 915 245 940 909 972 522 546 433 17 404 273 752 562 463 8
vocal_jc10.wav_10.wav_0011801600_0011979520.wav	582 795 794 422 332 319 434 600 882 205 176 74 567 703 188 772 908 121 20 694 413 726 190 463 463 714 707 926 960 116 148 700 120 810 6 955 161 78 846 775 609 834 765 794 794 39 962 123 876 434 770 407 1005 98 115 409 409 765 746 965 67 97 922 317 886 734 924 558 708 153 368 992 901 411 605 708 439 329 880 439 321 604 242 530 750 3 17 170 170 54 149 746 508 842 571 148 822 215 140 864 472 489 677 671 836 136 151 817 324 939 851 411 151 817 835 804 696 274 700 962 116 255 429 92 944 177 969 400 314 70 623 149 540 366 722 463 311 1002
vocal_jc10.wav_10.wav_0012135360_0012313600.wav	520 72 1005 92 39 64 609 502 143 143 871 161 437 757 61 176 413 151 995 324 193 617 187 272 192 741 231 500 745 566 901 648 939 842 158 18 227 272 349 758 98 437 400 69 433 98 106 803 800 871 161 943 1020 563 449 826 648 176 498 216 127 57 939 926 501 771 687 88 1019 704 171 337 321 261 92 92 255 420 70 636 772 908 593 899 184 459 808 14 967 3 338 530 574 274 714 540 170 41 223 62 306 775 661 95 101 509 519 349 462 962 627 965 775 763 621 1022 805 758 638 569 206 422 885 166 175 533 7 86 777 948 576 714 824 382 5 17 609 609 721
vocal_jc10.wav_10.wav_0012502720_0012654400.wav	1005 428 462 39 265 265 323 92 508 508 876 242 982 982 86 462 863 305 305 418 96 300 281 217 963 124 907 580 153 714 947 794 95 747 805 14 937 959 530 3 797 193 508 847 160 294 924 547 903 518 810 653 636 606 805 991 795 747 965 574 528 217 129 227 556 472 194 406 324 792 59 80 88 840 628 890 13 467 466 331 667 176 452 349 74 962 39 915 400 92 65 98 671 316 727 768 918 87 629 213 254 842 770 514 711 1022 1019 837 479 617 905 573 933 462 960 379 400 754
vocal_jc10.wav_10.wav_0012789760_0012924480.wav	1012 150 251 481 987 185 38 584 9 694 456 770 908 696 490 141 1007 558 39 91 314 707 8 3 8 824 967 405 1003 528 138 550 161 352 599 490 265 664 373 704 562 534 40 20 637 194 368 547 400 314 749 340 86 781 629 37 92 808 64 231 754 29 149 214 806 92 334 334 156 853 1006 720 679 485 918 642 570 576 904 674 696 28 492 913 162 875 105 271 105 280 280 280 280 53 749 92 324 314 242 530 944 953 338 365 721
vocal_jc10.wav_10.wav_0013159680_0013365440.wav	54 693 208 876 92 305 92 508 242 967 170 274 982 261 813 433 13 161 724 422 291 11 794 812 185 311 425 662 385 86 664 373 117 747 848 161 617 922 1022 923 184 705 572 329 583 154 559 87 153 1 412 863 462 628 737 969 558 345 759 5 640 958 558 92 334 8 944 312 944 273 273 774 953 273 65 140 630 584 869 10 626 345 5 177 892 413 301 998 595 171 487 829 378 361 27 514 20 938 703 454 378 81 136 296 376 556 351 163 781 781 172 485 142 96 514 459 324 2 612 68 40 999 994 813 741 523 485 490 716 508 902 545 111 556 129 889 813 508 754 565 937 918 172 160 539 164 162 693 858 906 60 741 155 140 726 770 436 13 192 612
vocal_jc10.wav_10.wav_0013550720_0013727040.wav	208 891 923 890 508 663 752 124 364 331 347 811 889 22 562 933 31 921 290 151 46 908 546 92 663 775 360 149 693 149 41 32 320 556 1016 385 981 758 263 463 545 96 111 402 1016 164 155 14 540 3 953 991 953 162 360 547 307 929 251 613 248 50 676 199 387 193 277 26 692 843 946 294 396 763 209 860 466 846 727 727 971 172 696 318 704 215 770 811 419 786 152 309 759 36 174 734 5 65 574 913 441 623 92 305 324 324 324 314 314 1015 324 940 935 255 810 448 606 379 569 683 124 943 298 266 629 919 981 360 707 836 547 192 413 609 366 534 515
vocal_jc10.wav_10.wav_0013883200_0013987520.wav	721 722 775 623 569 848 810 547 87 625 535 586 934 7 934 136 541 967 405 100 960 47 434 111 992 667 811 565 318 140 76 529 423 957 1017 235 729 547 110 758 679 295 476 261 161 724 342 548 994 239 958 604 574 29 739 361 843 696 318 539 638 625 602 609 54 162 602 721 602 602 609 81 915 746 991 509 134 274 693 505 536
vocal_jc10.wav_10.wav_0014138560_0014303040.wav	913 823 143 821 477 728 452 772 954 836 81 114 33 308 442 708 632 407 690 738 783 671 518 402 462 22 467 598 825 189 889 726 13 911 322 772 299 150 175 86 741 526 194 37 231 714 967 492 162 72 505 41 899 605 766 731 404 679 140 140 574 516 365 5 5 103 451 602 492 937 574 495 317 667 83 27 600 821 654 957 255 539 521 433 967 382 338 254 77 743 479 37 329 121 863 193 314 909 957 671 586 670 235 825 840 835 143 69 876 804 8 162 98 605 548 731 724 670 570 140 360 54 29 72 105 280 280 536
vocal_jc10.wav_10.wav_0014441600_0014592320.wav	54 540 609 98 208 208 242 609 714 552 906 782 777 379 842 305 604 190 770 439 863 876 507 151 845 784 772 554 586 717 451 539 340 312 758 937 967 29 29 602 775 162 162 505 29 492 221 261 915 254 965 274 845 425 83 459 521 192 103 127 762 37 726 937 824 991 17 505 520 271 72 72 875 598 290 578 305 324 400 508 508 265 194 992 452 838 685 187 55 765 765 808 144 813 461 545 448 265 783 154 808 423 60 827 947 741 171 290 405 46 978 612 318 539 569 858 142
vocal_jc10.wav_10.wav_0014851200_0015062720.wav	1012 513 48 49 705 73 266 846 846 846 846 846 662 897 926 960 379 935 439 202 284 432 957 707 707 269 540 111 601 481 481 91 76 330 251 929 1021 114 950 24 908 456 368 377 887 461 467 958 385 526 810 387 345 456 8 609 360 149 41 223 458 82 485 368 889 887 194 763 958 412 94 912 547 439 547 497 181 663 433 876 508 321 321 429 400 92 642 295 716 879 467 1020 189 49 479 594 305 757 537 573 642 437 741 967 170 149 556 354 419 190 714 134 57 17 54 234 774 248 70 305 400 758 341 81 231 98 693 372 361 497 368 653 472 653 607 741 910 699 261 467 364 388 957 205 717 734 805 720 441 686 556 264 544 467 37 938 837 485 770 60 633 726 277 96 540
vocal_jc10.wav_10.wav_0015186560_0015373120.wav	913 32 516 304 359 273 752 944 953 103 405 733 765 661 668 668 392 914 914 954 554 649 83 289 354 345 908 908 138 886 982 439 74 74 74 74 481 206 723 0 960 116 26 81 74 329 347 152 297 90 514 998 532 8 477 108 813 86 429 862 294 409 378 668 161 814 341 710 317 322 606 282 1004 806 795 439 547 795 261 321 995 933 769 458 466 190 566 337 1019 229 670 703 703 325 972 984 108 305 305 456 360 502 1022 935 511 398 1022 413 221 92 314 193 805 940 456 686 653 264 537 337 768 92 704 405 658 173 98 788 237 891 314 673 642 29 821 86 876 98 405 405 441 693 234 53 53
vocal_jc10.wav_10.wav_0015641920_0015762240.wav	214 693 73 469 529 745 588 573 589 589 734 318 14 365 5 5 170 693 644 469 344 467 479 319 584 342 862 242 990 219 219 452 527 522 1016 195 205 412 413 274 621 0 894 391 4 748 533 694 351 472 472 552 103 609 824 149 170 41 530 92 305 305 92 231 683 467 544 596 328 390 751 514 771 933 307 194 907 230 479 773 773 317 121 874 297 98 532 960 897 334 242 17 149
vocal_jc10.wav_10.wav_0016063680_0016228160.wav	146 456 515 687 273 916 273 562 463 910 967 974 929 853 645 667 498 216 788 671 322 1014 1014 960 555 1006 132 796 215 671 933 439 846 349 91 14 916 812 929 458 904 571 103 340 445 322 853 314 758 560 0 897 642 549 46 495 745 556 794 307 897 116 14 714 366 654 472 777 356 439 265 439 261 254 215 967 953 177 944 273 463 953 17 149 804 86 412 144 980 777 356 265 980 629 918 924 77 264 752 705 73 266 93 769 191 546 144 897 511 787 940 653 904 363 12 882 87 379 379 324 324 264 723 190 574 170 53 536
vocal_jc10.wav_10.wav_0016418240_0016522560.wav	520 105 105 280 280 280 280 280 280 105 98 341 907 349 806 659 727 347 433 318 714 950 882 277 17 916 494 846 97 97 846 846 846 662 193 314 966 681 215 96 693 592 476 93 777 747 60 22 187 80 711 948 969 757 87 87 857 574 295 229 215 420 805 526 900 324 420 3 944 184 212 254 350 569 215 967 540 242 14 875 536
vocal_jc10.wav_10.wav_0016817280_0016953920.wav	520 656 505 70 632 526 602 181 308 349 981 804 754 961 302 231 576 714 432 85 231 679 940 552 192 632 642 834 960 379 780 358 1017 651 467 763 800 251 674 175 882 289 724 600 80 938 489 456 29 90 679 764 305 264 1011 295 901 483 759 674 305 551 876 98 272 546 380 827 834 324 515 10 960 765 915 31 746 982 780 935 421 219 984 803 906 500 187 641 938 200 265 847 161 703 117 324 746 524 574 574 29 520 486 486 486 486
vocal_jc10.wav_10.wav_0017185600_0017442240.wav	23 148 636 420 562 595 1019 368 974 469 322 533 373 562 671 458 935 255 958 95 92 231 948 569 212 863 891 508 508 432 890 86 91 265 808 720 229 181 662 370 119 794 783 196 415 449 47 1022 696 412 155 244 143 842 373 681 847 161 306 679 431 661 274 509 886 110 7 194 864 813 92 69 915 916 916 92 508 508 200 457 114 534 944 722 686 80 273 278 902 132 500 687 509 722 32 149 23 445 506 436 146 267 1007 176 97 143 329 973 747 653 1023 384 238 889 490 366 117 867 192 14 269 249 835 352 97 97 74 74 39 189 91 599 714 516 543 929 667 904 851 3 839 671 690 922 843 838 912 511 457 360 763 643 176 972 508 229 13 482 882 283 806 1019 179 594 10 825 846 116 13 812 481 121 787 1001 448 201 909 146 141 563 189 39 746 171 903 20 633 298 254 981 837 711 674 59 205 923 215 254 982 516
vocal_jc10.wav_10.wav_0017655680_0017812160.wav	54 221 81 586 265 265 795 164 758 731 929 893 790 929 158 961 51 413 562 453 781 706 625 43 649 111 784 219 265 577 179 189 550 745 425 77 741 625 305 799 921 374 960 307 842 812 969 842 923 923 193 923 758 804 13 937 824 360 170 54 54 505 234 271 53 53 53 72 492 940 55 345 390 628 86 305 656 699 453 999 396 459 653 514 495 771 562 272 771 296 296 514 857 95 508 758 231 331 803 92 514 1003 594 906 734 232 25 594 514 205 895 341 360 824 149 170 360 505 234 72 140 540
vocal_jc10.wav_10.wav_0017948160_0018075520.wav	23 265 251 362 364 198 37 580 329 329 882 700 519 103 609 396 378 780 199 965 824 540 170 234 53 271 170 41 883 267 267 186 829 222 533 1001 758 956 229 340 662 655 119 794 183 705 735 662 894 369 307 77 305 656 451 114 220 224 224 936 900 230 566 796 81 261 239 502 81 337 257 674 747 436 295 807 192 629 368 99 892 723 723 508 59 566 814 564 808 805 570 824 368 248 98 486 486 280 536
vocal_jc10.wav_10.wav_0018240320_0018428480.wav	913 360 548 417 738 10 459 857 1003 430 172 65 579 640 371 998 152 103 783 388 483 25 745 448 573 276 558 154 479 87 867 61 805 577 811 471 904 521 231 683 358 620 867 21 177 958 385 49 783 501 700 305 320 376 552 937 920 224 853 595 485 703 139 349 696 579 340 576 91 255 530 86 813 625 967 487 304 463 752 311 944 65 824 501 736 492 579 575 818 988 21 789 984 960 555 571 442 933 599 150 50 306 919 40 654 654 94 439 77 897 1011 705 724 299 1012 992 469 189 822 307 726 477 982 307 759 7 373 177 807 322 808 18 777 653 670 150 603 144 508 14 991 463 748 1002 5 3
vocal_jc10.wav_10.wav_0018658240_0018897600.wav	1012 991 216 327 883 97 577 661 143 690 851 573 354 526 236 584 584 423 325 349 541 360 213 77 891 876 451 1002 540 350 930 463 3 750 562 99 29 693 817 586 179 73 975 975 727 589 781 136 411 200 980 863 324 683 479 285 265 476 586 708 60 467 479 276 266 189 422 231 411 411 940 547 385 934 632 239 885 467 657 574 824 921 127 562 32 405 745 763 800 349 18 562 975 387 999 763 33 813 193 373 981 305 194 834 469 212 933 768 161 657 43 229 740 546 840 360 764 891 734 885 102 836 981 612 661 869 872 504 681 757 1020 305 305 434 650 936 620 261 261 534 463 656 297 255 114 10 336 442 700 629 98 69 741 915 337 609 920 817 439 571 704 991 799 449 830 981 518 485 239 885 763 196 197 823 808 433 967 574 5 5 5 3 1005 365 5 17
vocal_jc10.wav_10.wav_0019124800_0019200320.wav	721 810 504 788 273 752 5 714 467 879 648 908 940 157 558 800 466 758 420 456 609 405 17 579 224 998 351 511 372 143 960 891 155 26 887 654 803 467 430 433 788 212 955 903 836 116 311 70 349 191 158 255 501 180 22 479 81 628
vocal_jc10.wav_10.wav_0000205440_0000434880.wav	214 441 582 837 420 70 193 314 14 368 731 813 958 981 160 903 402 594 514 59 747 938 60 513 1003 325 333 633 937 151 592 907 825 569 565 937 937 262 404 540 804 797 804 3 200 436 497 476 117 617 485 617 617 502 92 560 651 566 577 198 180 751 60 215 73 437 251 306 288 914 188 467 950 584 882 805 579 476 813 333 210 333 890 783 598 929 551 232 531 172 45 161 857 91 678 761 203 810 945 731 351 306 412 708 397 783 154 793 308 690 59 686 448 938 320 945 476 970 782 413 400 261 378 637 717 164 616 981 190 341 28 151 145 764 826 625 796 803 70 804 421 143 116 108 863 612 790 932 307 64 840 337 81 434 959 812 264 787 594 632 86 803 136 274 600 889 948 663 190 17 65 910 320 612 721 149 234 53 536
vocal_jc10.wav_10.wav_0000576640_0000744960.wav	913 824 290 111 376 308 976 367 1011 467 78 822 117 589 710 919 650 322 664 255 670 1017 76 452 765 781 309 526 431 349 777 306 944 858 891 891 193 436 290 166 576 402 479 566 445 189 422 466 1019 413 456 257 997 714 937 693 432 103 451 208 721 492 492 70 305 521 39 91 261 265 305 324 193 155 19 551 385 770 470 615 52 482 800 452 163 887 373 1023 361 591 736 828 634 187 886 813 780 620 780 758 758 966 264 379 305 92 837 150 742 308 283 472 840 467 84 143 793 656 883 616 242 764 136 13 4 973 854 420 707 967 540
vocal_jc10.wav_10.wav_0000995200_0001270720.wav	721 405 513 452 572 783 976 494 573 573 466 466 466 91 265 927 136 775 714 67 765 64 155 451 876 106 998 606 935 194 93 1019 90 1003 729 27 449 19 972 711 583 419 518 255 837 625 593 28 721 140 623 261 206 1021 746 185 411 937 864 777 92 193 835 606 1006 231 456 151 175 70 620 393 60 433 609 98 5 338 5 5 365 365 714 707 740 319 21 420 983 613 363 200 763 209 888 485 13 48 765 39 306 628 202 97 9 192 334 926 863 442 697 282 111 643 772 908 200 644 584 84 420 884 383 138 657 879 794 960 189 783 276 97 554 27 295 11 95 314 720 681 808 297 171 161 1020 649 629 824 350 144 429 805 565 507 991 797 966 620 827 686 192 774 467 814 564 189 422 793 793 1019 101 805 937 967 151 476 88 2 124 175 670 368 119 349 337 628 92 263 190 277 120 877 142 491 822 467 235 983 422 550 703 212 47 71 481 1021 804 524 17 132 721 967 234 486 536
vocal_jc10.wav_10.wav_0001434240_0001663040.wav	913 290 722 90 760 439 88 957 810 729 418 164 511 577 771 850 788 533 999 1012 711 305 961 99 16 620 77 314 232 154 358 792 573 583 847 703 814 770 726 513 143 863 433 949 551 792 101 467 1003 203 368 829 1023 180 1009 1003 430 932 153 212 747 886 220 547 579 135 161 976 380 747 418 550 943 396 566 96 290 707 824 360 490 593 500 504 1005 463 562 417 1002 463 500 324 307 231 961 584 700 804 301 975 341 387 808 1002 235 860 173 274 319 584 554 329 654 890 467 976 198 351 799 726 140 360 671 143 1016 1009 781 891 805 229 632 994 525 297 566 161 25 205 706 701 805 758 758 314 324 306 153 320 302 434 976 266 627 810 376 453 253 13 80 569 793 957 152 756 850 920 731 333 632 642 28 142 5 65 98 8 17 146
vocal_jc10.wav_10.wav_0001797760_0001917760.wav	774 663 1005 200 581 365 357 16 86 933 882 500 141 62 136 810 139 765 960 52 364 836 349 747 153 485 12 994 714 102 558 886 685 187 397 999 362 711 77 620 511 235 783 738 840 642 821 629 545 176 836 101 177 163 77 193 314 205 560 937 937 98 65 162 602 540 103 486 486 486 486 486 486 486 486 486 486 53 574 171 544 943 295 566 235 783 25 515 967 170 486 486 486
vocal_jc10.wav_10.wav_0002247680_0002407040.wav	520 271 53 105 280 280 280 280 280 280 53 804 221 305 754 632 904 912 463 390 727 971 584 933 746 25 322 584 661 107 106 792 306 185 479 331 335 760 228 808 683 495 857 423 957 935 307 21 18 921 943 178 37 173 799 1017 596 17 311 960 264 799 76 986 521 413 770 877 413 85 508 534 930 8 360 360 492 360 540 162 540 574 170 721 937 420 261 101 726 967 788 93 83 350 592 705 25 545 166 839 586 379 314 827 111 700 880 91 521 116 306 164 164 420 570 150 332 164 448 708 813 92 185 540
vocal_jc10.wav_10.wav_0002532800_0002702080.wav	54 223 594 142 29 54 234 234 53 53 149 5 263 349 960 960 462 100 251 415 894 987 628 522 120 686 652 933 730 1007 546 365 327 102 336 1004 526 224 425 378 97 342 641 212 960 794 890 171 992 971 287 436 150 131 584 700 55 769 62 803 434 171 475 964 77 786 255 337 654 934 152 784 322 1016 973 7 192 891 324 185 509 10 863 379 616 569 1012 13 730 799 878 654 22 467 976 825 840 940 940 412 806 351 526 773 857 380 629 704 163 349 20 637 377 27 642 517 891 720 969 64 936 858 863 193 451 991 177 177 273 177 382 41
vocal_jc10.wav_10.wav_0002876800_0003056640.wav	54 474 92 91 305 805 570 476 933 935 248 193 264 497 594 533 518 885 139 891 231 994 179 703 501 781 172 65 242 212 349 632 760 467 857 782 110 229 726 566 763 73 266 466 629 581 177 995 47 891 314 775 991 433 365 463 687 137 634 509 817 722 515 75 240 382 722 350 562 441 795 701 1004 139 147 335 626 772 760 209 678 343 176 74 662 662 439 974 422 260 150 482 772 182 181 228 584 808 490 372 319 62 946 631 448 380 110 909 485 756 853 108 837 467 781 95 255 519 808 96 588 586 1017 566 617 1020 479 320 163 551 71 537 449 474 98 2 623 242 170 41
vocal_jc10.wav_10.wav_0003227200_0003411840.wav	913 500 508 324 379 508 804 540 565 365 17 1005 208 75 937 937 80 390 49 467 907 613 317 351 158 758 541 98 8 242 540 29 967 492 151 141 459 949 467 1020 266 466 838 255 26 717 938 229 215 688 483 143 481 442 895 281 889 65 311 781 472 880 337 599 703 1003 733 307 379 314 656 242 991 492 208 451 242 242 540 140 140 578 91 91 91 305 92 92 232 574 644 34 66 567 124 860 880 837 821 144 110 805 433 140 899 340 108 322 129 583 717 489 957 957 918 827 290 574 378 794 261 334 496 517 659 782 205 1022 433 609 834 95 508 560 254 69 219 11 805 451 714 574 360 540
vocal_jc10.wav_10.wav_0003567360_0003704960.wav	54 804 780 891 314 797 17 602 242 451 714 490 32 509 80 810 406 27 140 367 584 27 368 452 77 265 800 354 129 654 897 1017 134 662 525 587 401 754 707 679 570 721 360 98 29 937 420 265 39 39 155 451 242 937 29 739 368 524 491 458 747 355 783 600 184 848 111 914 765 555 664 777 92 334 8 937 41 809 54 54 29 404 311 821 933 316 759 573 39 379 981 314 612 96 132 636 329 1006 935 571 704 570 190 360 29 707 540
vocal_jc10.wav_10.wav_0003896640_0004060800.wav	54 98 3 21 307 307 429 282 796 584 319 400 797 941 755 284 760 763 907 860 136 290 409 77 923 373 569 795 569 504 682 960 765 765 793 265 385 877 111 425 700 963 976 266 962 314 155 0 64 940 261 521 527 229 28 788 958 40 906 828 994 994 138 836 551 757 571 14 937 967 214 490 227 214 596 824 937 574 763 528 690 107 107 970 413 490 412 741 255 739 839 716 708 811 171 495 175 674 1019 948 192 837 274 711 231 5 3 3 953 699 264 193 314 612 298 358 21 329 759 811 423 255 714 177 278 562 463 721
vocal_jc10.wav_10.wav_0004204800_0004368960.wav	54 707 352 452 452 452 319 599 804 372 584 697 336 765 351 213 605 822 783 288 55 637 217 369 1014 636 573 783 594 613 481 480 275 984 508 991 663 265 39 321 847 92 723 723 842 981 961 158 764 439 90 150 367 308 322 836 586 428 654 351 333 27 545 421 960 401 74 201 90 161 391 904 759 637 171 594 632 419 215 877 413 862 322 964 938 504 745 430 349 701 717 373 231 890 479 78 836 337 203 533 781 633 650 80 999 999 120 632 25 295 969 897 504 686 175 385 1019 679 882 439 337 754 274 171 916 496 311 1005
vocal_jc10.wav_10.wav_0004512640_0004651840.wav	721 17 70 324 324 981 634 479 374 121 121 591 694 489 160 368 932 543 479 266 61 659 253 773 685 904 583 637 629 132 504 436 632 229 714 574 360 360 505 72 54 505 360 1012 714 714 341 700 765 74 74 962 962 795 70 696 609 283 251 329 895 197 603 906 331 933 154 467 649 792 984 307 654 629 364 590 973 121 485 773 685 284 637 153 504 994 786 556 981 14 463 994 274 650 769 201 385 231 625 457 647 8 574 360 714 98 162 492
vocal_jc10.wav_10.wav_0004817920_0005042240.wav	214 349 81 256 603 452 604 5 792 915 778 194 686 788 564 413 255 961 31 8 824 570 208 5 338 338 1005 1005 5 5 65 148 469 180 686 6 863 565 328 960 307 869 132 917 86 571 519 781 725 570 364 975 138 625 865 933 439 261 433 804 574 967 360 505 162 505 540 29 274 434 88 40 36 456 695 97 74 31 997 75 490 992 143 546 445 595 77 571 18 7 999 523 660 235 705 124 598 442 116 229 625 679 726 13 73 882 823 74 255 37 863 43 181 80 674 468 781 932 136 150 1003 904 811 827 596 181 813 521 552 1001 360 492 29 545 139 932 840 1002 755 307 433 913 539 9 345 625 579 621 960 334 114 503 974 743 783 235 288 1016 325 161 235 90 748 716 741 411 773 161 943 479 96 290 714 714 721
vocal_jc10.wav_10.wav_0005297600_0005425920.wav	1012 703 846 361 908 856 681 324 863 787 86 654 846 905 362 229 642 714 65 562 1005 17 360 775 324 77 39 39 39 39 743 334 647 569 254 265 628 497 738 714 199 0 244 452 973 475 80 653 329 710 659 806 595 497 67 74 27 161 821 793 831 783 364 276 12 811 938 938 674 813 786 909 86 305 86 231 704 257 192 938 632 632 92 101 229 577 808 306 590 573 754 570 411 956 606 7 14 360 29 540
vocal_jc10.wav_10.wav_0005584640_0005729600.wav	520 105 53 721 714 190 199 506 148 908 1007 77 231 526 175 652 361 316 257 589 77 799 479 106 452 987 200 299 138 215 272 836 569 127 402 583 413 17 842 261 14 947 339 554 906 783 298 88 195 227 80 175 164 747 22 223 495 203 706 86 948 263 451 140 490 162 360 262 57 324 981 504 594 821 453 483 836 842 780 314 526 961 594 80 40 659 329 625 396 434 840 421 803 929 314 804 312 636 322 1011 783 163 472 413 14 360 134 582 562 774 562 311 721
vocal_jc10.wav_10.wav_0005967040_0006138240.wav	1012 763 330 863 935 373 248 606 329 670 662 307 314 420 480 765 11 587 538 763 198 1019 805 373 596 1002 682 765 964 152 831 129 1016 747 273 829 781 633 467 976 284 547 324 451 575 788 792 681 80 685 295 210 633 657 154 88 412 164 171 685 497 813 95 508 804 530 699 366 764 324 508 876 23 946 452 620 804 67 716 48 690 550 59 558 380 571 747 708 52 467 244 808 274 283 77 799 539 974 962 219 653 625 896 803 306 215 552 918 967 562 322 362 433 566 949 973 948 160 5 203 984 929 400 804 804 953 382 248 797 98 360 234 53
vocal_jc10.wav_10.wav_0006282880_0006470720.wav	1012 714 1015 306 261 305 192 625 632 333 616 193 674 671 166 731 708 385 583 363 761 772 329 851 229 142 459 777 231 242 490 260 32 260 609 505 162 258 234 72 492 578 324 981 758 651 532 143 599 134 412 627 161 107 860 846 743 96 885 835 727 922 1016 121 181 760 474 14 570 492 492 41 162 714 140 474 434 921 452 1016 345 497 8 212 551 983 534 187 731 385 347 121 287 390 781 152 1001 467 783 822 266 825 670 436 714 111 467 266 266 926 656 707 140 150 107 755 649 187 603 402 994 685 80 934 664 674 12 331 659 768 229 171 265 86 92 804 714 1002 953 3 647 242 360 98 162 492
vocal_jc10.wav_10.wav_0006701760_0006914240.wav	913 263 428 674 467 73 856 806 64 2 406 835 863 406 685 594 120 677 566 172 412 337 837 235 559 906 813 400 1021 420 965 76 663 314 981 656 154 358 21 782 904 620 275 531 703 80 349 891 185 775 463 278 562 278 127 90 492 150 332 497 858 654 863 537 863 935 909 368 219 412 572 745 1003 510 485 454 452 694 986 452 662 513 514 404 88 700 764 21 307 981 208 177 716 40 377 467 501 195 215 807 86 357 235 907 649 194 802 307 778 511 956 265 927 799 1001 3 516 366 87 895 255 98 57 858 988 584 558 88 754 451 162 290 54 721 242 193 193 70 726 295 731 87 873 302 934 80 771 641 781 201 657 1003 175 858 813 92 231 257 263 3 804 578 324 314 190
vocal_jc10.wav_10.wav_0007121920_0007473600.wav	271 140 609 314 897 400 890 92 305 380 994 333 966 586 380 768 201 518 593 214 509 382 5 140 579 224 319 725 298 544 1022 1011 467 288 189 642 67 349 321 804 700 973 1017 33 306 848 566 179 206 255 274 106 307 863 324 737 560 965 647 623 76 804 900 305 569 239 262 492 146 162 271 271 411 98 360 171 884 404 151 366 382 539 722 463 1002 722 382 509 515 750 962 960 307 314 511 309 83 584 48 329 581 600 133 181 749 345 9 97 97 662 662 662 662 97 429 604 27 775 721 540 149 242 508 412 462 369 86 265 700 599 274 487 988 502 387 694 933 192 4 175 88 979 608 378 232 763 742 769 625 562 390 659 725 910 372 452 85 378 843 210 887 380 827 810 108 434 13 657 266 255 67 803 792 91 582 810 556 554 59 479 956 825 466 466 351 337 428 334 76 86 265 842 799 910 524 716 777 981 160 420 378 378 934 940 880 781 485 885 187 731 363 364 657 938 457 731 265 504 566 617 906 363 456 609 930 628 777 1022 92 451 96 142 721 524 524 763 161 850 487 860 352 1011 171 161 685 423 518 419 457 13 439 813 777 265 231 760 467 235 96 368 636 43 639 70 302 717 541 17 810 187 504 574 824 360
vocal_jc10.wav_10.wav_0007680320_0007823680.wav	1005 232 14 221 81 617 111 600 942 753 852 612 495 588 498 195 947 765 955 298 364 249 82 579 491 302 895 571 708 628 586 628 472 938 7 552 86 573 726 686 716 439 705 25 613 466 567 745 703 574 67 469 43 892 554 736 90 514 731 677 810 547 724 467 822 799 290 132 867 69 806 813 754 263 647 804 360 242 578 324 923 420 190 967 243 92 777 110 704 545 552 434 467 670 670 132 164 533 938 781 980 797 98 32 507 714 913 170 53 486 486
vocal_jc10.wav_10.wav_0008043840_0008185600.wav	530 508 231 127 883 198 775 295 606 891 741 704 142 337 472 793 86 428 156 254 863 87 955 324 324 890 92 92 92 334 673 966 481 981 940 393 831 238 929 192 436 470 256 899 558 153 714 788 638 424 324 552 1022 606 433 360 181 843 891 314 376 685 438 25 266 439 734 190 739 340 730 347 717 906 906 934 7 918 612 937 327 224 624 351 362 808 136 150 376 232 966 521 586 95 92 997 936 764 792 915 314 242 8 214 103 208 65 721 17 490
vocal_jc10.wav_10.wav_0008466240_0008624640.wav	520 280 280 486 486 486 486 486 486 280 271 29 764 307 960 314 804 804 775 360 754 8 214 234 41 515 405 209 251 266 550 943 276 266 846 580 97 481 830 0 960 91 401 765 1007 922 297 1002 771 24 345 844 773 911 191 470 651 196 93 410 373 748 730 138 239 745 12 191 566 879 472 571 190 38 836 700 337 179 467 770 583 385 973 918 562 933 433 609 360 67 690 978 507 190 368 995 805 511 70 31 576 596 919 385 158 535 880 933 92 916 212 307 891 890 2 75 490 953 953 804 693 967 149
vocal_jc10.wav_10.wav_0008780800_0008907200.wav	75 508 39 91 77 508 804 500 44 800 198 124 135 274 111 845 175 316 811 23 239 385 880 880 521 876 625 574 146 845 448 390 954 629 5 917 554 164 63 52 364 396 396 458 51 734 965 140 213 641 909 642 492 234 505 721 574 574 257 305 508 726 807 586 627 190 396 364 658 317 393 781 841 712 760 161 857 887 827 448 412 232 256 551 960 765 628 462 472 7 474 530 562 382 490 991 338 17
vocal_jc10.wav_10.wav_0009047040_0009159360.wav	1005 565 714 609 991 876 5 75 142 569 87 324 890 508 758 433 876 69 1013 612 644 80 676 85 679 986 347 498 110 777 478 795 795 754 609 714 213 716 164 86 472 422 215 714 457 953 953 216 609 162 162 809 271 72 72 72 913 726 368 141 452 462 31 541 151 845 648 74 39 737 318 437 613 213 168 379 616 255 239 519 231 76 714 1002 593 602 570
vocal_jc10.wav_10.wav_0009337600_0009509440.wav	913 900 700 452 143 955 783 167 143 882 748 139 971 471 650 175 201 419 539 254 863 954 80 731 385 843 743 685 745 514 782 468 94 110 229 96 161 312 337 571 154 161 467 276 189 905 708 201 333 1001 17 953 5 937 937 274 378 558 576 727 153 532 37 545 187 997 537 85 782 717 194 947 143 897 804 804 490 84 765 808 569 775 714 544 581 642 140 505 234 53 280 105 280 280 280 105 271 72 824 314 379 57 134 790 251 599 725 1022 683 467 331 518 770 191 789 200 175 671 877 274 514 391 813 746 14 937 360 98 98 208 53 280 280 536
vocal_jc10.wav_10.wav_0009680320_0009843200.wav	54 505 716 222 653 731 181 227 570 540 509 216 65 149 875 520 234 215 357 986 43 531 645 600 298 90 896 690 546 841 373 154 943 598 276 266 768 726 810 459 863 136 311 187 497 302 620 420 311 770 978 489 194 457 679 153 625 765 836 197 364 625 308 308 230 467 397 726 29 876 521 1016 20 957 433 596 937 29 170 234 234 536 150 774 263 0 915 891 876 451 274 699 953 953 382 5 5 809 360 199 319 136 111 871 9 659 765 701 921 467 860 563 116 14 146 209 800 648 385 556 419 541 404 570 991 463 214
vocal_jc10.wav_10.wav_0009969920_0010156480.wav	54 959 203 953 382 8 149 149 200 265 153 810 595 349 406 364 211 204 893 307 397 4 46 62 922 852 143 856 368 745 904 759 501 233 822 382 376 534 1022 851 255 421 143 329 789 1002 812 324 21 181 175 333 195 577 92 913 150 37 342 1016 781 95 508 656 991 991 3 254 324 915 400 258 156 924 554 903 978 153 368 459 70 490 858 636 387 161 600 132 707 453 322 856 956 107 276 724 467 517 64 362 91 307 795 700 628 711 782 743 527 648 452 988 821 298 396 474 367 180 905 976 943 367 976 566 134 794 616 935 863 85 349 700 700 700 795 334 991 750 382 382 953 722 496 5 360
vocal_jc10.wav_10.wav_0010332800_0010456640.wav	520 223 545 428 305 891 876 451 98 8 539 5 149 824 108 329 111 460 390 504 652 985 161 73 846 631 887 518 570 177 975 662 164 472 94 909 882 738 566 724 494 483 322 452 307 863 521 307 307 379 193 758 242 365 699 804 1005 1005 574 149 283 349 936 490 601 388 97 428 558 468 940 466 726 885 986 905 483 176 452 143 863 508 334 242 274 13 28 54 431 46 85 102 181 515 457 140
vocal_jc10.wav_10.wav_0010613440_0010904960.wav	54 642 799 70 636 971 994 318 899 240 711 92 754 365 149 149 170 72 234 913 991 8 360 70 891 923 508 663 848 683 731 92 25 479 577 694 938 194 404 472 840 70 628 973 423 239 80 576 808 604 98 609 574 574 290 714 90 210 153 748 519 154 907 494 422 957 827 827 596 679 290 1003 323 129 637 497 972 449 758 570 490 357 609 609 775 5 509 509 515 151 515 214 509 668 752 752 752 496 357 707 853 584 584 452 797 300 6 3 58 1007 97 97 329 554 85 758 374 626 182 844 145 879 74 607 456 515 525 811 872 763 241 918 335 174 200 446 191 1017 657 342 880 439 772 857 773 603 654 95 813 787 674 957 957 851 951 363 690 838 851 590 781 973 973 231 14 149 492 420 792 158 26 265 877 274 763 603 769 637 827 1023 898 755 94 628 1022 813 629 530 574 327 821 349 329 828 674 897 569 479 943 124 487 943 907 649 116 190 290 96 566 212 891 314 155 704 885 235 976 189 116 904 308 777 508 804 274 234 53
vocal_jc10.wav_10.wav_0011056320_0011194560.wav	520 234 160 505 170 17 876 324 508 451 98 540 365 463 65 170 28 632 195 603 648 246 288 222 670 45 1007 765 1013 705 100 662 179 559 929 929 480 307 116 890 255 396 648 433 821 40 488 364 107 266 418 441 93 636 439 298 467 479 441 1023 1016 595 781 101 215 714 28 170 111 507 3 534 564 64 923 569 140 396 954 629 711 781 344 467 479 701 961 93 143 958 364 364 726 424 527 595 595 747 604 411 937 540 27 5 17 360 140
vocal_jc10.wav_10.wav_0011327040_0011470400.wav	913 420 305 39 39 64 261 206 508 76 474 420 221 876 86 265 206 400 400 923 314 758 720 770 717 877 827 570 140 420 948 255 577 717 938 629 997 754 754 29 274 994 938 7 625 411 215 26 889 60 786 93 558 546 565 763 288 825 26 654 891 628 46 999 827 29 592 627 554 772 589 123 534 668 783 161 364 848 290 937 540 65 149 149 574 509 261 324 508 283 297 378 319 551 897 231 153 102 349 52 295 532 960 481 420 991 177 258 327 177 5
vocal_jc10.wav_10.wav_0011671040_0011769280.wav	1005 441 516 761 361 708 813 544 196 943 598 1017 28 574 80 547 620 683 467 894 825 827 566 106 413 674 518 172 806 795 805 239 799 577 290 175 794 158 10 469 612 235 970 652 648 960 314 99 1018 393 523 110 741 550 161 773 393 999 994 210 523 322 452 69 663 991 29 98 492 140 41 234 53 280 280 53
vocal_jc10.wav_10.wav_0011979520_0012135360.wav	214 764 47 400 569 909 796 800 822 804 763 381 286 36 24 319 692 248 467 266 461 810 531 344 467 767 770 528 760 311 606 880 822 410 158 576 1019 1012 235 905 711 322 700 307 793 462 863 47 932 86 153 994 12 388 469 701 851 642 630 452 831 235 374 803 792 527 987 441 184 863 842 631 514 711 380 85 795 1016 90 514 472 77 92 255 596 111 836 21 623 834 459 828 768 981 570 967 883 74 219 188 943 235 657 670 189 194 500 628 1019 337 741 609 967 170 520 41 53 105 280 105 53
vocal_jc10.wav_10.wav_0012313600_0012502720.wav	54 505 876 324 508 203 290 80 586 873 462 934 242 311 402 110 194 215 840 799 298 161 364 590 717 994 994 357 501 508 902 132 132 132 867 69 69 321 997 5 382 3 190 824 810 641 101 479 154 87 737 656 302 906 351 413 25 124 598 934 938 456 13 576 508 134 134 248 609 290 368 803 806 948 263 417 357 574 98 65 360 214 509 509 355 278 52 788 581 360 763 107 584 36 345 329 176 97 971 971 971 632 8 382 338 360 360 26 450 563 898 790 960 558 787 595 887 210 670 408 798 929 481 987 625 274 763 483 138 436 17 274 139 654 439 462 462 962 962 321 508 474 98 1005 609 234 53
vocal_jc10.wav_10.wav_0012654400_0012789760.wav	1001 770 633 566 358 173 434 564 451 277 633 548 769 479 161 949 164 969 40 1016 934 90 418 933 546 694 938 890 566 703 961 840 302 973 973 14 243 711 674 497 837 463 750 254 314 420 28 644 795 155 535 929 1 172 891 609 146 330 188 803 963 161 437 768 823 412 194 127 842 842 434 187 711 158 961 101 28 479 617 316 777 305 324 804 441 405 100 143 342 185 93 74 933 7 8 490 355 272 752 752 562 774 562 477 656
vocal_jc10.wav_10.wav_0012924480_0013159680.wav	913 81 462 16 161 667 361 624 74 232 161 117 422 558 933 314 1015 379 940 552 726 139 932 729 295 613 792 670 150 352 915 550 479 519 60 391 612 163 741 14 140 151 123 604 758 474 602 405 350 700 547 231 451 714 492 170 505 505 170 875 320 775 647 305 324 314 420 441 365 750 273 273 273 944 500 405 485 853 584 584 765 765 1007 754 804 274 621 794 923 876 883 626 422 526 637 887 571 789 407 287 667 573 912 93 708 781 674 857 679 490 404 17 824 707 740 708 110 994 769 36 425 327 177 517 39 980 794 681 560 758 508 324 373 257 957 756 547 726 644 389 20 157 253 266 893 681 737 560 362 642 14 824 149 54 149 707 302 380 110 518 471 770 32 730 385 76 406 324 0 497 187 501 94 255 70 813 808 189 231 98 149 149 360
vocal_jc10.wav_10.wav_0013365440_0013550720.wav	1002 674 717 192 629 758 758 1017 770 541 2 314 967 366 906 938 92 876 360 98 3 5 5 273 382 5 404 17 149 274 349 452 88 711 768 800 800 38 943 300 179 710 395 772 289 922 895 805 726 602 29 258 149 149 1005 700 794 412 638 539 532 493 742 763 479 679 568 761 667 589 342 851 329 708 781 595 625 76 467 388 889 588 834 413 490 613 188 467 479 276 329 193 758 673 245 91 153 511 679 566 235 73 825 189 194 651 813 231 576 936 3 3 876 508 193 752 295 37 973 351 193 616 526 754 545 731 333 227 175 933 962 863 324 314 609 530 647 417 5 1005 991 804 609 170
vocal_jc10.wav_10.wav_0013727040_0013883200.wav	913 413 994 208 821 86 81 18 851 533 362 885 857 116 777 747 677 650 450 31 827 59 302 261 746 467 943 124 406 706 714 711 642 967 343 219 777 534 103 693 641 433 937 722 748 722 509 722 748 515 75 824 13 28 631 584 755 935 708 922 138 562 459 1001 17 375 800 83 971 997 327 653 708 606 843 922 172 1001 274 871 636 334 242 674 95 324 847 479 235 651 658 229 205 305 799 574 106 307 894 434 467 651 926 189 799 683 943 134 979 357 235 428 155 704 552 877 548 777 69 623 98
vocal_jc10.wav_10.wav_0014008640_0014138560.wav	431 930 562 122 944 752 137 722 562 647 749 44 765 189 83 409 185 763 667 361 624 84 969 161 352 466 97 971 324 1015 77 805 711 726 335 198 650 745 949 904 946 885 857 777 94 725 717 448 910 606 938 885 700 43 827 320 755 39 433 721 146 322 121 1016 490 572 69 64 76 349 890 177 177 933 329 88 70 863 307 663 8 272 33 181 918 593 311 3 953 70 891 324 155 242 530 366 2 134 311 338 41
vocal_jc10.wav_10.wav_0014315520_0014441600.wav	520 405 949 579 752 752 177 463 699 809 530 545 301 800 83 971 654 92 559 495 861 522 164 796 217 583 717 813 92 780 639 459 36 844 959 340 628 813 231 560 459 667 997 562 711 813 594 686 975 349 511 55 499 887 877 60 1022 379 324 876 560 634 239 290 947 759 908 472 604 451 365 1001 441 290 290 199 180 121 708 813 164 997 467 763 556 924 64 951 201 999 674 92 324 193 1015 707 149 41
vocal_jc10.wav_10.wav_0014592320_0014850240.wav	208 623 1015 876 28 824 958 948 400 192 918 545 181 504 235 1017 1017 885 674 948 604 242 274 274 234 721 875 234 991 263 65 509 320 916 748 752 752 752 177 463 524 640 960 143 95 799 590 626 627 223 15 653 864 97 9 629 850 636 49 943 943 266 266 882 88 541 739 186 113 369 576 555 1019 154 594 863 929 653 262 161 46 144 400 456 27 521 177 916 842 324 582 566 106 62 121 20 741 305 321 457 235 390 219 198 445 154 364 645 384 200 522 999 255 982 143 97 946 129 595 136 235 986 21 117 984 481 830 324 616 940 92 173 777 781 837 272 177 378 442 612 992 7 539 385 628 7 150 476 462 755 369 869 616 324 890 916 958 754 938 710 90 325 781 413 704 570 328 144 110 229 215 140 625 770 904 419 194 149 151 305 314 560 720 254 804 382 156 960 923 804 242 699 953 953 699 916 2 477 899 899 382
vocal_jc10.wav_10.wav_0015062720_0015186560.wav	214 1002 3 428 324 508 760 479 325 606 121 485 885 425 554 827 448 87 298 657 494 120 904 456 864 521 242 190 834 349 62 587 900 333 934 957 171 547 413 290 562 761 994 274 1003 435 357 13 406 936 804 967 29 875 274 582 3 10 792 254 797 804 311 65 721 32 516 916 3 967 693 540 943 958 869 628 64 724 161 37 755 136 644 55 717 90 300 1 36 918 328 584 1019 909 1021 75
vocal_jc10.wav_10.wav_0015373120_0015641920.wav	520 53 53 53 105 105 280 53 53 170 17 3 261 324 356 876 774 92 862 56 584 97 74 74 74 219 795 31 758 242 29 170 170 53 53 53 53 105 53 53 234 170 269 861 882 228 727 329 459 97 795 508 21 863 935 935 764 522 754 8 14 368 428 704 207 726 96 668 401 873 261 942 100 330 119 929 337 623 763 124 594 957 485 443 229 831 828 195 912 55 483 706 445 410 7 609 63 86 158 813 305 754 200 636 20 172 305 31 980 628 835 143 604 623 71 261 683 514 163 449 193 441 566 235 1020 819 189 193 673 720 966 813 255 152 909 566 235 763 364 825 825 189 808 231 99 177 463 400 806 717 770 385 934 60 685 80 933 743 13 184 81 91 179 703 369 979 441 763 161 1020 189 419 485 110 192 31 526 704 235 10 613 466 91 337 808 216 967 405 600 211 97 612 943 475 217 688 885 58 960 379 616 451 98 274 3 3 1002 114 5
vocal_jc10.wav_10.wav_0015762240_0016035840.wav	54 242 360 208 804 314 508 57 364 598 679 1018 573 949 80 586 627 703 857 7 511 221 379 314 609 991 916 127 916 916 3 8 170 234 53 41 53 486 486 486 486 486 486 271 673 411 13 643 459 784 97 97 980 237 623 474 570 505 170 234 758 956 632 625 150 249 761 668 868 444 317 79 409 555 201 1020 705 124 301 914 84 880 163 74 799 530 763 73 658 266 265 974 254 960 47 379 305 155 111 100 48 192 5 920 502 388 805 3 305 94 511 877 518 511 291 317 889 253 160 632 808 153 13 954 613 755 891 737 14 29 368 180 606 307 960 537 780 451 609 967 149 540 539 403 995 830 954 103 80 677 877 153 360 235 107 266 822 629 679 596 824 451 256 134 551 39 872 467 823 369 116 64 840 872 467 650 823 369 189 808 116 373 704 673 758 290 134 10 40 583 837 514 782 880 880 434 814 885 73 266 173 190 530 65 824 146 41 14 775 804 162 234 53
vocal_jc10.wav_10.wav_0016228160_0016301760.wav	1012 807 921 997 86 932 960 306 306 337 92 265 305 955 86 521 305 521 521 64 92 534 312 958 428 936 334 642 609 721 17 578 913 714 714 788 63 733 747 229 594 4 187 559 519 412 508 750 995 243 257 966 508 14 23 679 540
vocal_jc10.wav_10.wav_0016589120_0016811200.wav	23 1023 82 75 899 9 1007 97 648 97 933 974 799 242 750 177 382 8 574 420 863 39 91 369 265 265 265 265 265 265 662 787 617 794 960 974 745 911 860 868 765 935 1023 286 488 5 562 1016 51 201 201 973 973 768 160 539 715 551 692 1023 771 272 88 843 843 22 274 406 69 929 66 423 571 190 920 288 667 768 571 602 749 806 948 876 3 65 190 721 170 216 41 632 573 863 64 90 198 933 462 654 31 721 98 156 462 882 880 781 938 485 136 497 805 411 106 794 264 847 703 502 266 352 825 1015 190 920 901 846 795 979 976 68 700 828 385 571 401 176 625 272 385 518 274 418 324 532 548 571 255 311 59 308 781 7 526 642 937 149 234 693 549 400 420 804 967 53 53 53 280 53 486 280 536
vocal_jc10.wav_10.wav_0017027200_0017185600.wav	520 53 105 280 280 280 280 105 991 758 774 358 325 662 317 862 978 787 653 704 430 319 662 960 116 775 788 81 551 12 12 158 539 756 322 1006 255 431 765 95 746 3 75 937 149 234 53 53 105 105 105 105 809 105 280 105 105 105 72 560 314 433 311 917 164 997 565 570 170 53 234 234 404 953 365 647 953 365 368 240 74 960 923 420 242 774 936 663 647 797 721 17 574 540 544 152 996 448 146 58 9 589 922 846 846 846 846 846 662 662 662 662 462 627 817 817 817 168 243 3 509 1002 5
vocal_jc10.wav_10.wav_0017442240_0017649280.wav	237 324 508 451 967 149 234 234 234 722 382 539 171 13 693 693 98 540 490 490 490 32 314 193 890 508 508 411 823 662 74 74 74 74 74 962 962 962 193 508 508 243 366 821 880 511 756 469 306 959 812 379 984 671 4 711 385 1019 973 726 810 476 87 586 40 475 187 92 923 229 658 87 198 222 494 219 307 627 745 244 635 914 369 630 932 830 264 616 749 597 624 697 623 418 469 690 533 511 953 865 725 362 596 213 144 92 229 320 554 537 57 969 891 324 70 305 876 754 723 449 324 337 194 296 883 560 405 747 322 960 309 1006 795 664 997 748 80 25 295 320 961 19 898 620 586 923 99 463 21 897 314 804 98 16 463 953 722 273 417 829 365
vocal_jc10.wav_10.wav_0017812160_0017925440.wav	53 876 324 193 890 508 314 1005 566 205 586 402 904 7 432 574 487 302 625 781 628 265 726 487 376 180 107 907 628 949 161 398 176 121 938 199 777 1012 763 986 613 27 630 40 434 763 817 69 192 120 566 666 106 95 373 90 86 934 60 60 5 476 933 189 17 693 834 143 843 946 129 333 255 886 305 245 608 61 120 511 642 151 406 175 485 994 760 721
vocal_jc10.wav_10.wav_0018075520_0018240320.wav	1012 937 431 86 242 127 973 734 8 492 149 368 260 53 486 486 486 486 486 486 486 486 486 486 486 486 486 486 486 486 486 280 223 358 530 312 687 687 177 752 752 562 722 762 562 844 405 428 586 730 794 543 161 100 232 562 201 94 86 768 810 833 173 490 731 385 1019 599 428 400 758 474 527 690 439 616 365 69 412 210 107 495 857 120 60 153 570 256 930 338 722 8 602 290 878 800 914 71 863 475 850 772 667 329 319 793 496 458 573 789 213 503 264 755 594 501 933 419 76 703 172 144 508 103 714 262 184 5
vocal_jc10.wav_10.wav_0018428480_0018648320.wav	721 242 915 305 917 4 801 493 143 895 853 794 264 567 705 163 210 222 772 736 368 685 927 400 758 773 102 674 760 933 840 368 995 792 784 904 255 944 1023 533 609 709 988 527 48 1007 880 309 935 341 229 940 805 940 805 805 254 77 379 22 467 566 266 266 352 352 352 276 276 670 570 540 545 96 377 777 265 337 215 239 342 337 429 777 229 360 274 150 90 149 111 460 620 710 21 265 39 927 155 98 959 883 620 710 755 306 14 360 295 836 951 836 799 171 771 448 412 324 64 586 324 534 842 863 261 683 502 387 121 717 913 942 549 74 362 364 975 857 559 88 781 642 328 349 81 700 1019 571 500 476 628 173 179 825 869 116 706 706 808 812 508 261 261 306 173 155 909 560 23 411 679
vocal_jc10.wav_10.wav_0018897600_0019124800.wav	721 132 212 251 491 166 317 927 265 727 691 705 325 856 219 960 792 136 181 95 923 1017 566 738 813 526 17 839 716 781 940 545 603 349 264 433 366 969 91 59 295 181 537 827 519 64 116 116 116 231 231 155 433 277 355 685 514 807 938 633 260 991 10 836 123 797 530 98 693 41 749 357 170 234 749 170 405 111 243 261 379 314 451 76 359 273 273 562 5 967 834 522 1002 50 800 264 1020 330 669 783 266 590 111 259 77 519 538 588 385 321 616 200 6 7 991 938 541 671 349 324 155 723 915 777 741 424 909 885 479 724 628 192 704 314 842 737 764 337 683 295 43 264 792 847 479 235 358 19 1011 677 179 812 260 327 339 960 897 623 738 537 674 632 526 679 562 80 59 934 192 581 365 804 3 21 92 656 540
